{
  "project_info": {
    "project_number": "99550771236",
    "firebase_url": "https://test-35f4b.firebaseio.com",
    "project_id": "test-35f4b",
    "storage_bucket": "test-35f4b.appspot.com"
  },
  "client": [
    {
      "client_info": {
        "mobilesdk_app_id": "1:99550771236:android:d08d34bfb5ee67ba48c0b1",
        "android_client_info": {
          "package_name": "com.example.shauryasingh.testproject"
        }
      },
      "oauth_client": [
        {
          "client_id": "99550771236-1nf7204ffbgsnkilhige97godu7b536e.apps.googleusercontent.com",
          "client_type": 3
        }
      ],
      "api_key": [
        {
          "current_key": "AIzaSyBcXber07EZEabEH_L5Ad3FU4Vdvw3NwZk"
        }
      ],
      "services": {
        "appinvite_service": {
          "other_platform_oauth_client": [
            {
              "client_id": "99550771236-1nf7204ffbgsnkilhige97godu7b536e.apps.googleusercontent.com",
              "client_type": 3
            }
          ]
        }
      }
    }
  ],
  "configuration_version": "1"
}